apiName,order,name_en,desc_en,name_de,desc_de,icon,icon_gray
"FIRST_LOOP","1","First Stroke","Close your first loop.","Erster Strich","Schließe deine erste Schleife.","icons/FIRST_LOOP.jpg","icons/FIRST_LOOP_locked.jpg"
"CAPTURE_10","2","Caught Red-Handed","Capture 10 enemies in one loop.","Auf frischer Tat","Fange 10 Gegner mit einer Schleife.","icons/CAPTURE_10.jpg","icons/CAPTURE_10_locked.jpg"
"CAPTURE_50","3","The Big Net","Capture 50 enemies in one loop.","Das große Netz","Fange 50 Gegner mit einer Schleife.","icons/CAPTURE_50.jpg","icons/CAPTURE_50_locked.jpg"
"CAPTURE_150","4","Mass Exhibition","Capture 150 enemies in one loop.","Massenausstellung","Fange 150 Gegner mit einer Schleife.","icons/CAPTURE_150.jpg","icons/CAPTURE_150_locked.jpg"
"LOOP_10PCT","5","Broad Strokes","Claim 10% of a map in one loop.","Breite Striche","Beanspruche 10 % einer Karte mit einer Schleife.","icons/LOOP_10PCT.jpg","icons/LOOP_10PCT_locked.jpg"
"LOOP_25PCT","6","Land Baron","Claim 25% of a map in one loop.","Landbaron","Beanspruche 25 % einer Karte mit einer Schleife.","icons/LOOP_25PCT.jpg","icons/LOOP_25PCT_locked.jpg"
"BOSS_SMUDGE","7","Dethroned","Defeat the Smudge King.","Entthront","Besiege den Schmierkönig.","icons/BOSS_SMUDGE.jpg","icons/BOSS_SMUDGE_locked.jpg"
"BOSS_MIRE","8","Drained the Swamp","Defeat the Mire Mother.","Sumpf trockengelegt","Besiege die Moormutter.","icons/BOSS_MIRE.jpg","icons/BOSS_MIRE_locked.jpg"
"BOSS_ERASER","9","Undo","Defeat the Eraser.","Rückgängig","Besiege den Radierer.","icons/BOSS_ERASER.jpg","icons/BOSS_ERASER_locked.jpg"
"BOSS_WYRM","10","Cooled Down","Defeat the Cinder Wyrm.","Abgekühlt","Besiege den Glutwurm.","icons/BOSS_WYRM.jpg","icons/BOSS_WYRM_locked.jpg"
"WIN","11","Masterpiece","Defeat The Blank and restore the world.","Meisterwerk","Besiege das Leere und stelle die Welt wieder her.","icons/WIN.jpg","icons/WIN_locked.jpg"
"WIN_V3","12","Glazed","Win on Varnish 3 or higher.","Glasiert","Gewinne auf Firnis 3 oder höher.","icons/WIN_V3.jpg","icons/WIN_V3_locked.jpg"
"WIN_V6","13","Lacquered","Win on Varnish 6 or higher.","Lackiert","Gewinne auf Firnis 6 oder höher.","icons/WIN_V6.jpg","icons/WIN_V6_locked.jpg"
"WIN_V10","14","Museum Piece","Win on Varnish 10.","Museumsstück","Gewinne auf Firnis 10.","icons/WIN_V10.jpg","icons/WIN_V10_locked.jpg"
"WIN_ALL_CHARS","15","The Whole Studio","Win with every character.","Das ganze Atelier","Gewinne mit jedem Charakter.","icons/WIN_ALL_CHARS.jpg","icons/WIN_ALL_CHARS_locked.jpg"
"STAGE_90","16","Fully Painted","Own 90% of a map.","Komplett bemalt","Besitze 90 % einer Karte.","icons/STAGE_90.jpg","icons/STAGE_90_locked.jpg"
"NO_SNAP","17","Steady Hand","Clear a stage without a Snap.","Ruhige Hand","Schaffe eine Etappe ohne Riss.","icons/NO_SNAP.jpg","icons/NO_SNAP_locked.jpg"
"FAST_STAGE","18","Speedpainter","Clear a stage in under 3:30.","Schnellmaler","Schaffe eine Etappe in unter 3:30.","icons/FAST_STAGE.jpg","icons/FAST_STAGE_locked.jpg"
"LEVEL_30","19","Old Master","Reach level 30 in a run.","Alter Meister","Erreiche Level 30 in einem Lauf.","icons/LEVEL_30.jpg","icons/LEVEL_30_locked.jpg"
"EVOLVE","20","Evolution","Evolve a weapon.","Evolution","Entwickle eine Waffe weiter.","icons/EVOLVE.jpg","icons/EVOLVE_locked.jpg"
"EVOLVE_5","21","Renaissance","Discover 5 different evolutions.","Renaissance","Entdecke 5 verschiedene Evolutionen.","icons/EVOLVE_5.jpg","icons/EVOLVE_5_locked.jpg"
"EVOLVE_ALL","22","Complete Works","Discover every evolution.","Gesamtwerk","Entdecke alle Evolutionen.","icons/EVOLVE_ALL.jpg","icons/EVOLVE_ALL_locked.jpg"
"RELICS_6","23","Collector","Hold 6 relics in a single run.","Sammler","Halte 6 Relikte in einem Lauf.","icons/RELICS_6.jpg","icons/RELICS_6_locked.jpg"
"CAPTURES_1K","24","Curator","Capture 1,000 enemies in total.","Kurator","Fange insgesamt 1.000 Gegner.","icons/CAPTURES_1K.jpg","icons/CAPTURES_1K_locked.jpg"
"CAPTURES_10K","25","Grand Curator","Capture 10,000 enemies in total.","Großkurator","Fange insgesamt 10.000 Gegner.","icons/CAPTURES_10K.jpg","icons/CAPTURES_10K_locked.jpg"
"CELLS_1M","26","A Million Strokes","Claim 1,000,000 cells in total.","Eine Million Striche","Beanspruche insgesamt 1.000.000 Felder.","icons/CELLS_1M.jpg","icons/CELLS_1M_locked.jpg"
"MIXER","27","Color Theory","Mix a secondary pigment.","Farblehre","Mische ein Sekundärpigment.","icons/MIXER.jpg","icons/MIXER_locked.jpg"
"ATELIER_20","28","Well Equipped","Buy 20 Atelier upgrades.","Gut ausgestattet","Kaufe 20 Atelier-Upgrades.","icons/ATELIER_20.jpg","icons/ATELIER_20_locked.jpg"
"STARS_10","29","Rising Star","Earn 10 Atlas stars.","Aufsteigender Stern","Verdiene 10 Atlas-Sterne.","icons/STARS_10.jpg","icons/STARS_10_locked.jpg"
"STARS_25","30","Constellation","Earn all 25 Atlas stars.","Sternbild","Verdiene alle 25 Atlas-Sterne.","icons/STARS_25.jpg","icons/STARS_25_locked.jpg"
"CLOSE_CALL","31","Close Call","Close a loop while a spark is less than 10 cells away.","Knapp daneben","Schließe eine Schleife, während ein Funke weniger als 10 Felder entfernt ist.","icons/CLOSE_CALL.jpg","icons/CLOSE_CALL_locked.jpg"
"TIGHT_LOOP","32","Tight Squeeze","Deal 20% of a boss's HP with a single loop.","Enge Kiste","Füge einem Boss mit einer Schleife 20 % seiner LP zu.","icons/TIGHT_LOOP.jpg","icons/TIGHT_LOOP_locked.jpg"
"ENDLESS_2","33","Infinite Canvas","Reach cycle 2 in Endless mode.","Unendliche Leinwand","Erreiche Zyklus 2 im Endlosmodus.","icons/ENDLESS_2.jpg","icons/ENDLESS_2_locked.jpg"
"DAILY","34","Daily Practice","Complete a Daily Canvas.","Tägliche Übung","Schließe eine Tägliche Leinwand ab.","icons/DAILY.jpg","icons/DAILY_locked.jpg"
"SHRINE_3","35","Devotee","Capture 3 shrines in one run.","Anhänger","Fange 3 Schreine in einem Lauf.","icons/SHRINE_3.jpg","icons/SHRINE_3_locked.jpg"
"NESTS_ALL","36","Pest Control","Capture every Void Nest on a map.","Schädlingsbekämpfung","Fange jedes Leerennest einer Karte.","icons/NESTS_ALL.jpg","icons/NESTS_ALL_locked.jpg"